y,Date,y_scaled,t
9191,1/1/2015,0.04841139413859217,0.0
18222,1/2/2015,0.0959800265469945,0.0007836990595611285
6282,1/3/2015,0.03308893243157828,0.001567398119122257
11700,1/4/2015,0.06162695152013147,0.0023510971786833857
20022,1/5/2015,0.10546109601163012,0.003134796238244514
12003,1/6/2015,0.06322293154667846,0.003918495297805642
12791,1/7/2015,0.0673735330678634,0.004702194357366771
11667,1/8/2015,0.06145313191327982,0.0054858934169279
11093,1/9/2015,0.0584297242062238,0.006269592476489028
8189,1/10/2015,0.04313359880327834,0.007053291536050157
10199,1/11/2015,0.05372079303878811,0.007836990595611285
11589,1/12/2015,0.061042285569812275,0.008620689655172414
17429,1/13/2015,0.09180308872174114,0.009404388714733543
18105,1/14/2015,0.09536375703179319,0.01018808777429467
19803,1/15/2015,0.10430756589343278,0.0109717868338558
19084,1/16/2015,0.10052040536839223,0.011755485893416929
10818,1/17/2015,0.05698122748246002,0.012539184952978056
2435,1/18/2015,0.012825780081326506,0.013322884012539185
15733,1/19/2015,0.08286981438172893,0.014106583072100314
22740,1/20/2015,0.11977751090322988,0.014890282131661442
21228,1/21/2015,0.11181341255293598,0.01567398119122257
22630,1/22/2015,0.11919811221372438,0.016457680250783698
22248,1/23/2015,0.11718601858289615,0.017241379310344827
6723,1/24/2015,0.03541179445041401,0.018025078369905956
14421,1/25/2015,0.0759591681941723,0.018808777429467086
5979,1/26/2015,0.03149295240503129,0.019592476489028215
2343,1/27/2015,0.012341192086467353,0.02037617554858934
9907,1/28/2015,0.05218275288119167,0.02115987460815047
14171,1/29/2015,0.07464235299075068,0.0219435736677116
12945,1/30/2015,0.0681846912331711,0.022727272727272728
7328,1/31/2015,0.03859848724269431,0.023510971786833857
9186,2/1/2015,0.04838505783452374,0.024294670846394983
2635,2/2/2015,0.013879232244063797,0.025078369905956112
7816,2/3/2015,0.0411689105197733,0.02586206896551724
13775,2/4/2015,0.07255651770853086,0.02664576802507837
12607,2/5/2015,0.06640435707814508,0.0274294670846395
11948,2/6/2015,0.0629332322019257,0.02821316614420063
10045,2/7/2015,0.052909634873480396,0.028996865203761754
9671,2/8/2015,0.050939679329161665,0.029780564263322883
7234,2/9/2015,0.03810336472620778,0.030564263322884012
14526,2/10/2015,0.07651223057960937,0.03134796238244514
16204,2/11/2015,0.08535069422497524,0.03213166144200627
16248,2/12/2015,0.08558245370077745,0.032915360501567396
10773,2/13/2015,0.05674420074584413,0.03369905956112853
6392,2/14/2015,0.03366833112108379,0.034482758620689655
3289,2/15/2015,0.017324020816214737,0.03526645768025078
5423,2/16/2015,0.028564355392621622,0.03605015673981191
6869,2/17/2015,0.03618081452921223,0.03683385579937304
12995,2/18/2015,0.06844805427385542,0.03761755485893417
10080,2/19/2015,0.05309398900195942,0.0384012539184953
8056,2/20/2015,0.042433053115058045,0.03918495297805643
4164,2/21/2015,0.02193287402819038,0.039968652037617555
6648,2/22/2015,0.03501674988938752,0.04075235109717868
10519,2/23/2015,0.055406316499167774,0.041536050156739814
10675,2/24/2015,0.05622800918610286,0.04231974921630094
15655,2/25/2015,0.08245896803826139,0.04310344827586207
14744,2/26/2015,0.07766049343699302,0.0438871473354232
14313,2/27/2015,0.07539030402629417,0.04467084639498432
8975,2/28/2015,0.047273665802835894,0.045454545454545456
4042,3/1/2015,0.021290268208920632,0.04623824451410658
10767,3/2/2015,0.05671259718096201,0.047021943573667714
9430,3/3/2015,0.04967026947306323,0.04780564263322884
10842,3/4/2015,0.0571076417419885,0.048589341692789965
2604,3/5/2015,0.013715947158839517,0.0493730407523511
8248,3/6/2015,0.043444367191285846,0.050156739811912224
8849,3/7/2015,0.0466099909403114,0.050940438871473356
13701,3/8/2015,0.07216674040831805,0.05172413793103448
24159,3/9/2015,0.12725175399785096,0.052507836990595615
17626,3/10/2015,0.09284073910203737,0.05329153605015674
33446,3/11/2015,0.17616880517455702,0.054075235109717866
26931,3/12/2015,0.1418526009733898,0.054858934169279
24699,3/13/2015,0.13009607483724164,0.055642633228840124
5592,3/14/2015,0.02945452247013463,0.05642633228840126
13635,3/15/2015,0.07181910119461475,0.05721003134796238
26091,3/16/2015,0.13742810188989318,0.05799373040752351
22462,3/17/2015,0.11831321239702505,0.05877742946708464
11465,3/18/2015,0.060389145228915156,0.05956112852664577
16176,3/19/2015,0.08520321092219202,0.0603448275862069
11465,3/20/2015,0.060389145228915156,0.061128526645768025
16176,3/21/2015,0.08520321092219202,0.06191222570532915
16098,3/22/2015,0.08479236457872448,0.06269592476489028
18957,3/23/2015,0.09985146324505405,0.06347962382445141
23581,3/24/2015,0.12420727724754019,0.06426332288401254
21456,3/25/2015,0.11301434801845649,0.06504702194357367
22876,3/26/2015,0.12049385837389125,0.06583072100313479
21520,3/27/2015,0.11335145271053242,0.06661442006269593
1562,3/28/2015,0.008227461390978236,0.06739811912225706
17373,3/29/2015,0.0915081221161747,0.06818181818181818
26828,3/30/2015,0.1413100731095801,0.06896551724137931
20532,3/31/2015,0.1081473990266102,0.06974921630094044
31708,4/1/2015,0.16701430588036997,0.07053291536050156
43134,4/2/2015,0.22719802793755137,0.0713166144200627
23643,4/3/2015,0.12453384741798874,0.07210031347962383
27764,4/4/2015,0.14624022923119062,0.07288401253918496
29709,4/5/2015,0.15648505151381076,0.07366771159874608
43529,4/6/2015,0.2292785959589575,0.07445141065830721
24209,4/7/2015,0.12751511703853527,0.07523510971786834
26004,4/8/2015,0.13696985019910246,0.07601880877742946
23891,4/9/2015,0.12584012809978298,0.0768025078369906
25628,4/10/2015,0.13498936013315635,0.07758620689655173
39786,4/11/2015,0.20956323873332913,0.07836990595611286
46764,4/12/2015,0.24631818469123318,0.07915360501567398
43753,4/13/2015,0.23045846238122328,0.07993730407523511
36555,4/14/2015,0.1925447190443082,0.08072100313479624
49727,4/15/2015,0.2619250784821861,0.08150470219435736
45915,4/16/2015,0.24184628026041338,0.0822884012539185
42203,4/17/2015,0.22229420812000927,0.08307210031347963
71371,4/18/2015,0.3759296715336157,0.08385579937304075
46416,4/19/2015,0.24448517792807029,0.08463949843260188
16377,4/20/2015,0.086261930345743,0.08542319749216301
43508,4/21/2015,0.2291679834818701,0.08620689655172414
35999,4/22/2015,0.18961612203189854,0.08699059561128526
34259,4/23/2015,0.1804510882160841,0.0877742946708464
32678,4/24/2015,0.17212354886964584,0.08855799373040753
46054,4/25/2015,0.2425784295135158,0.08934169278996865
48664,4/26/2015,0.2563259802372374,0.09012539184952978
43197,4/27/2015,0.2275298653688136,0.09090909090909091
54129,4/28/2015,0.28511156058403386,0.09169278996865204
59166,4/29/2015,0.3116427533025725,0.09247648902821316
51077,4/30/2015,0.26903588058066286,0.0932601880877743
48736,5/1/2015,0.2567052230158228,0.09404388714733543
60188,5/2/2015,0.3170258938541601,0.09482758620689655
69728,5/3/2015,0.36727556201672884,0.09561128526645768
63531,5/4/2015,0.33463434675431386,0.09639498432601881
60088,5/5/2015,0.3164991677727914,0.09717868338557993
50987,5/6/2015,0.26856182710743104,0.09796238244514106
64189,5/7/2015,0.33810020436971955,0.0987460815047022
64255,5/8/2015,0.3384478435834229,0.09952978056426333
51941,5/9/2015,0.2735867939236879,0.10031347962382445
62364,5/10/2015,0.3284874533847418,0.10109717868338558
57873,5/11/2015,0.30483218507047594,0.10188087774294671
62939,5/12/2015,0.3315161283526115,0.10266457680250783
57091,5/13/2015,0.30071318711417316,0.10344827586206896
80286,5/14/2015,0.4228873016876304,0.1042319749216301
64660,5/15/2015,0.3405810842129659,0.10501567398119123
50862,5/16/2015,0.2679034195057202,0.10579937304075235
73458,5/17/2015,0.3869224448517793,0.10658307210031348
53794,5/18/2015,0.2833470282114489,0.10736677115987461
58026,5/19/2015,0.30563807597497,0.10815047021943573
57290,5/20/2015,0.30176137201609676,0.10893416927899686
50277,5/21/2015,0.2648220719297137,0.109717868338558
58351,5/22/2015,0.30734993573941805,0.11050156739811912
56999,5/23/2015,0.300228599119314,0.11128526645768025
66211,5/24/2015,0.34875060573499356,0.11206896551724138
69099,5/25/2015,0.36396245496492,0.11285266457680251
64504,5/26/2015,0.3397593915260308,0.11363636363636363
57511,5/27/2015,0.3029254366559215,0.11442006269592477
61662,5/28/2015,0.3247898362935339,0.1152037617554859
69343,5/29/2015,0.36524766660345953,0.11598746081504702
69481,5/30/2015,0.3659745485957483,0.11677115987460815
40580,5/31/2015,0.21374544381939617,0.11755485893416928
20369,6/1/2015,0.10728883551397932,0.11833855799373041
15730,6/2/2015,0.08285401259928786,0.11912225705329153
58749,6/3/2015,0.3094463055432653,0.11990595611285267
52792,6/4/2015,0.2780692328761351,0.1206896551724138
51079,6/5/2015,0.2690464151022902,0.12147335423197492
55613,6/6/2015,0.29292817563154455,0.12225705329153605
71994,6/7/2015,0.3792111750205423,0.12304075235109718
58140,6/8/2015,0.30623854370773024,0.1238244514106583
59489,6/9/2015,0.31334407854539326,0.12460815047021943
69035,6/10/2015,0.3636253502728441,0.12539184952978055
62993,6/11/2015,0.3318005604365506,0.12617554858934169
60933,6/12/2015,0.3209500031603565,0.12695924764890282
67103,6/13/2015,0.3534490023808019,0.12774294670846395
62977,6/14/2015,0.3317162842635316,0.12852664576802508
38705,6/15/2015,0.20386932979373407,0.12931034482758622
52864,6/16/2015,0.27844847565472053,0.13009404388714735
65208,6/17/2015,0.34346754313886607,0.13087774294670845
56562,6/18/2015,0.297926806143733,0.13166144200626959
66914,6/19/2015,0.35245349008701515,0.13244514106583072
45872,6/20/2015,0.24161978804542486,0.13322884012539185
55513,6/21/2015,0.29240144955017594,0.13401253918495298
66659,6/22/2015,0.3511103385795251,0.13479623824451412
52805,6/23/2015,0.278137707266713,0.13557993730407525
73125,6/24/2015,0.3851684470008217,0.13636363636363635
68362,6/25/2015,0.3600804837452331,0.1371473354231975
68529,6/26/2015,0.36096011630111874,0.13793103448275862
28233,6/27/2015,0.14871057455280956,0.13871473354231975
42273,6/28/2015,0.22266291637696733,0.13949843260188088
69309,6/29/2015,0.3650685797357942,0.14028213166144202
65564,6/30/2015,0.34534268798853845,0.14106583072100312
64472,7/1/2015,0.33959083917999283,0.14184952978056425
62434,7/2/2015,0.32885616164169984,0.1426332288401254
58884,7/3/2015,0.31015738575311297,0.14341692789968652
53110,7/4/2015,0.2797442218148874,0.14420062695924765
61185,7/5/2015,0.3222773528854055,0.14498432601880878
62539,7/6/2015,0.3294092240271369,0.14576802507836992
63163,7/7/2015,0.33269599477487727,0.14655172413793102
57751,7/8/2015,0.3041895792512062,0.14733542319749215
52402,7/9/2015,0.2760150011587974,0.1481191222570533
71490,7/10/2015,0.37655647557044436,0.14890282131661442
69705,7/11/2015,0.36715441501801405,0.14968652037617555
68158,7/12/2015,0.3590059625392411,0.15047021943573669
67998,7/13/2015,0.3581632008090513,0.15125391849529782
58900,7/14/2015,0.31024166192613195,0.15203761755485892
57781,7/15/2015,0.3043475970756168,0.15282131661442006
76535,7/16/2015,0.4031298063754925,0.1536050156739812
73884,7/17/2015,0.38916629795840973,0.15438871473354232
61739,7/18/2015,0.3251954153761878,0.15517241379310345
61512,7/19/2015,0.32399974717148095,0.15595611285266459
59568,7/20/2015,0.3137601921496745,0.15673981191222572
66191,7/21/2015,0.34864526051871986,0.15752351097178682
75758,7/22/2015,0.39903714472325813,0.15830721003134796
75512,7/23/2015,0.39774139856309126,0.1590909090909091
72841,7/24/2015,0.38367254492973474,0.15987460815047022
73133,7/25/2015,0.3852105850873312,0.16065830721003135
66278,7/26/2015,0.3491035122095106,0.1614420062695925
67841,7/27/2015,0.3573362408613025,0.16222570532915362
69131,7/28/2015,0.364131007310958,0.16300940438871472
66299,7/29/2015,0.34921412468659796,0.16379310344827586
50297,7/30/2015,0.2649274171459874,0.164576802507837
69897,7/31/2015,0.36816572909424183,0.16536050156739812
84287,8/1/2015,0.44396161220318986,0.16614420062695925
72633,8/2/2015,0.38257695468048797,0.1669278996865204
69232,8/3/2015,0.36466300065314033,0.1677115987460815
71146,8/4/2015,0.3747445378505362,0.16849529780564262
71111,8/5/2015,0.3745601837220572,0.16927899686520376
74669,8/6/2015,0.39330109769715355,0.1700626959247649
74844,8/7/2015,0.3942228683395487,0.17084639498432602
95931,8/8/2015,0.5052935971177549,0.17163009404388715
78144,8/9/2015,0.411604829024714,0.1724137931034483
74754,8/10/2015,0.3937488148663169,0.1731974921630094
42534,8/11/2015,0.22403767144933948,0.17398119122257052
80366,8/12/2015,0.4233086825527253,0.17476489028213166
78784,8/13/2015,0.4149758759454733,0.1755485893416928
72319,8/14/2015,0.3809230347849904,0.17633228840125392
92390,8/15/2015,0.48664222657649114,0.17711598746081506
65629,8/16/2015,0.34568505994142806,0.1778996865203762
64425,8/17/2015,0.33934327792174956,0.1786833855799373
67805,8/18/2015,0.35714661947200976,0.17946708463949843
69834,8/19/2015,0.3678338916629796,0.18025078369905956
66772,8/20/2015,0.35170553905147167,0.1810344827586207
66202,8/21/2015,0.3487032003876704,0.18181818181818182
77058,8/22/2015,0.4058845837810505,0.18260188087774296
71456,8/23/2015,0.376377388702779,0.1833855799373041
68193,8/24/2015,0.3591903166677201,0.1841692789968652
71734,8/25/2015,0.37784168720898387,0.18495297805642633
73578,8/26/2015,0.38755451614942166,0.18573667711598746
74735,8/27/2015,0.3936487369108569,0.1865203761755486
74240,8/28/2015,0.39104144280808206,0.18730407523510972
74840,8/29/2015,0.39420179929629395,0.18808777429467086
68990,8/30/2015,0.36338832353622824,0.18887147335423196
67836,8/31/2015,0.35730990455723405,0.1896551724137931
72939,9/1/2015,0.384188736489476,0.19043887147335423
72983,9/2/2015,0.3844204959652782,0.19122257053291536
71265,9/3/2015,0.3753713418873649,0.1920062695924765
70681,9/4/2015,0.372295261572172,0.19278996865203762
77956,9/5/2015,0.41061458399174094,0.19357366771159876
82123,9/6/2015,0.43256325980237237,0.19435736677115986
75257,9/7/2015,0.3963982470556012,0.195141065830721
71591,9/8/2015,0.37708846891262665,0.19592476489028213
71173,9/9/2015,0.37488675389250575,0.19670846394984326
31862,9/10/2015,0.1678254640456777,0.1974921630094044
86598,9/11/2015,0.45613425194361923,0.19827586206896552
68420,9/12/2015,0.36038598487242696,0.19905956112852666
72749,9/13/2015,0.38318795693487556,0.19984326018808776
83150,9/14/2015,0.4379727366580284,0.2006269592476489
88238,9/15/2015,0.464772559678065,0.20141065830721003
91197,9/16/2015,0.48035838442576323,0.20219435736677116
91433,9/17/2015,0.48160145797779325,0.2029780564263323
95186,9/18/2015,0.5013694878115584,0.20376175548589343
98568,9/19/2015,0.5191833638834461,0.20454545454545456
90483,9/20/2015,0.4765975602047911,0.20532915360501566
85002,9/21/2015,0.44772770368497566,0.2061128526645768
84251,9/22/2015,0.4437719908138971,0.20689655172413793
88117,9/23/2015,0.464135221119609,0.20768025078369906
96872,9/24/2015,0.5102500895434339,0.2084639498432602
95467,9/25/2015,0.5028495881002044,0.20924764890282133
93740,9/26/2015,0.49375302867496784,0.21003134796238246
82841,9/27/2015,0.43634515306659927,0.21081504702194356
90180,9/28/2015,0.4750015801782441,0.2115987460815047
87702,9/29/2015,0.46194930788192906,0.21238244514106583
65081,9/30/2015,0.3427986010155279,0.21316614420062696
55662,10/1/2015,0.29318627141141523,0.2139498432601881
12111,10/2/2015,0.0637917957145566,0.21473354231974923
25241,10/3/2015,0.1329509301982597,0.21551724137931033
59317,10/4/2015,0.31243810968543917,0.21630094043887146
78665,10/5/2015,0.4143490719086446,0.2170846394984326
89905,10/6/2015,0.47355308345448033,0.21786833855799373
89586,10/7/2015,0.47187282725491436,0.21865203761755486
88959,10/8/2015,0.46857025472473296,0.219435736677116
65046,10/9/2015,0.34261424688704883,0.22021943573667713
87575,10/10/2015,0.4612803657585909,0.22100313479623823
92607,10/11/2015,0.48778522217306114,0.22178683385579936
102884,10/12/2015,0.5419168615553168,0.2225705329153605
101421,10/13/2015,0.5342108589848935,0.22335423197492163
99751,10/14/2015,0.5254145334260372,0.22413793103448276
96975,10/15/2015,0.5107926174072436,0.2249216300940439
93266,10/16/2015,0.4912563470492805,0.22570532915360503
70864,10/17/2015,0.37325917030107664,0.22648902821316613
49590,10/18/2015,0.2612034637507111,0.22727272727272727
66941,10/19/2015,0.35259570612898467,0.2280564263322884
89988,10/20/2015,0.47399026610201633,0.22884012539184953
100309,10/21/2015,0.5283536649600742,0.22962382445141066
100026,10/22/2015,0.5268630301498008,0.2304075235109718
90710,10/23/2015,0.47779322840949795,0.23119122257053293
71472,10/24/2015,0.37646166487579796,0.23197492163009403
62798,10/25/2015,0.3307734445778817,0.23275862068965517
81381,10/26/2015,0.42865495227861705,0.2335423197492163
83174,10/27/2015,0.43809915091755686,0.23432601880877743
34040,10/28/2015,0.17929755809788678,0.23510971786833856
90367,10/29/2015,0.47598655795040345,0.2358934169278997
90284,10/30/2015,0.4755493753028675,0.23667711598746083
70082,10/31/2015,0.3691401723447738,0.23746081504702193
66939,11/1/2015,0.3525851716073573,0.23824451410658307
89099,11/2/2015,0.469307671238649,0.2390282131661442
100760,11/3/2015,0.5307291995870468,0.23981191222570533
99144,11/4/2015,0.5222173061121295,0.24059561128526646
81276,11/5/2015,0.42810188989317993,0.2413793103448276
95321,11/6/2015,0.5020805680214061,0.2421630094043887
79866,11/7/2015,0.4206750521458821,0.24294670846394983
73329,11/8/2015,0.38624296820681375,0.24373040752351097
78410,11/9/2015,0.4130059204011546,0.2445141065830721
34847,11/10/2015,0.18354823757453173,0.24529780564263323
68696,11/11/2015,0.36183974885700443,0.24608150470219436
64556,11/12/2015,0.3400332890883425,0.2468652037617555
70190,11/13/2015,0.36970903651265197,0.2476489028213166
50403,11/14/2015,0.2654857467922382,0.24843260188087773
54736,11/15/2015,0.28830878789794157,0.24921630094043887
78389,11/16/2015,0.41289530792406715,0.25
68151,11/17/2015,0.3589690917135453,0.2507836990595611
73030,11/18/2015,0.3846680572235215,0.25156739811912227
36884,11/19/2015,0.19427764785201104,0.25235109717868337
71192,11/20/2015,0.3749868318479658,0.25313479623824453
56288,11/21/2015,0.2964835766807829,0.25391849529780564
44743,11/22/2015,0.23567305058677285,0.2547021943573668
51812,11/23/2015,0.27290731727872236,0.2554858934169279
53981,11/24/2015,0.2843320059836083,0.256269592476489
55504,11/25/2015,0.29235404420285277,0.25705329153605017
35956,11/26/2015,0.18938962981691002,0.25783699059561127
51342,11/27/2015,0.27043170469628974,0.25862068965517243
32196,11/28/2015,0.16958472915744896,0.25940438871473354
36854,11/29/2015,0.19411963002760044,0.2601880877742947
52674,11/30/2015,0.2774476961001201,0.2609717868338558
29273,12/1/2015,0.15418852579904346,0.2617554858934169
39484,12/2/2015,0.2079725259675958,0.26253918495297807
59184,12/3/2015,0.3117375639972189,0.26332288401253917
61717,12/4/2015,0.3250795356382867,0.26410658307210033
56227,12/5/2015,0.29616227377114807,0.26489028213166144
52485,12/6/2015,0.27645218380633335,0.2656739811912226
60929,12/7/2015,0.3209289341171017,0.2664576802507837
59619,12/8/2015,0.3140288224511725,0.2672413793103448
59954,12/9/2015,0.3157933548237575,0.26802507836990597
69925,12/10/2015,0.368313212397025,0.26880877742946707
72153,12/11/2015,0.38004866948991844,0.26959247648902823
68858,12/12/2015,0.3626930451088216,0.27037617554858934
72863,12/13/2015,0.38378842466763585,0.2711598746081505
57195,12/14/2015,0.30126098223879655,0.2719435736677116
67753,12/15/2015,0.3568727219096981,0.2727272727272727
61011,12/16/2015,0.32136084950382404,0.27351097178683387
35033,12/17/2015,0.1845279480858774,0.274294670846395
51270,12/18/2015,0.2700524619177043,0.27507836990595613
30995,12/19/2015,0.16325874892021153,0.27586206896551724
30624,12/20/2015,0.16130459515833387,0.27664576802507834
54373,12/21/2015,0.28639677222257337,0.2774294670846395
39410,12/22/2015,0.20758274866738302,0.2782131661442006
28228,12/23/2015,0.14868423824874114,0.27899686520376177
35231,12/24/2015,0.18557086572698733,0.2797805642633229
37829,12/25/2015,0.19925520932094473,0.28056426332288403
30690,12/26/2015,0.16165223437203716,0.28134796238244514
30096,12/27/2015,0.15852348144870743,0.28213166144200624
39889,12/28/2015,0.21010576659713884,0.2829153605015674
24451,12/29/2015,0.1287897941554474,0.2836990595611285
43736,12/30/2015,0.2303689189473906,0.28448275862068967
40032,12/31/2015,0.210858984893496,0.2852664576802508
24429,1/1/2016,0.1286739144175463,0.28605015673981193
29093,1/2/2016,0.1532404188525799,0.28683385579937304
29616,1/3/2016,0.15599519625813793,0.28761755485893414
36172,1/4/2016,0.19052735815266628,0.2884012539184953
32049,1/5/2016,0.16881044181783705,0.2891849529780564
40996,1/6/2016,0.21593662431788974,0.28996865203761757
45986,1/7/2016,0.24222025577818512,0.2907523510971787
47061,1/8/2016,0.24788256115289806,0.29153605015673983
37341,1/9/2016,0.19668478604386574,0.29231974921630094
25404,1/10/2016,0.1338094937108906,0.29310344827586204
37393,1/11/2016,0.19695868360617744,0.2938871473354232
38958,1/12/2016,0.20520194677959674,0.2946708463949843
31608,1/13/2016,0.16648757979900133,0.29545454545454547
37295,1/14/2016,0.19644249204643618,0.2962382445141066
45993,1/15/2016,0.2422571266038809,0.29702194357366773
35791,1/16/2016,0.18852053178265174,0.29780564263322884
20487,1/17/2016,0.10791037228999431,0.29858934169278994
19998,1/18/2016,0.10533468175210163,0.2993730407523511
26966,1/19/2016,0.1420369551018688,0.3001567398119122
35477,1/20/2016,0.1868666118871542,0.30094043887147337
36048,1/21/2016,0.18987421781176916,0.3017241379310345
31344,1/22/2016,0.1650970229441881,0.30250783699059564
0,1/23/2016,0.0,0.30329153605015674
0,1/24/2016,0.0,0.30407523510971785
0,1/25/2016,0.0,0.304858934169279
0,1/26/2016,0.0,0.3056426332288401
13698,1/27/2016,0.072150938625877,0.30642633228840127
22314,1/28/2016,0.11753365779659945,0.3072100313479624
26896,1/29/2016,0.14166824684491078,0.30799373040752354
23350,1/30/2016,0.12299053999957862,0.30877742946708464
31280,1/31/2016,0.16475991825211217,0.30956112852664575
42380,2/1/2016,0.22322651328403179,0.3103448275862069
47742,2/2/2016,0.2514695657670185,0.311128526645768
24225,2/3/2016,0.12759939321155425,0.31191222570532917
47458,2/4/2016,0.24997366369593157,0.3126959247648903
25538,2/5/2016,0.13451530665992456,0.31347962382445144
38782,2/6/2016,0.2042749088763879,0.31426332288401254
31524,2/7/2016,0.16604512989065168,0.31504702194357365
28648,2/8/2016,0.15089648779048945,0.3158307210031348
40198,2/9/2016,0.21173335018856793,0.3166144200626959
38402,2/10/2016,0.20227334976718708,0.31739811912225707
27783,2/11/2016,0.14634030718665064,0.3181818181818182
27143,2/12/2016,0.14296926026589132,0.31896551724137934
11589,2/13/2016,0.061042285569812275,0.31974921630094044
6934,2/14/2016,0.03652318648210185,0.32053291536050155
8747,2/15/2016,0.04607273033731538,0.3213166144200627
27802,2/16/2016,0.1464403851421107,0.3221003134796238
38304,2/17/2016,0.2017571582074458,0.322884012539185
34431,2/18/2016,0.18135705707603816,0.3236677115987461
35317,2/19/2016,0.18602385015696438,0.32445141065830724
53540,2/20/2016,0.28200914396477256,0.32523510971786834
41645,2/21/2016,0.21935507658597223,0.32601880877742945
48237,2/22/2016,0.25407685986979334,0.3268025078369906
26379,2/23/2016,0.13894507300423486,0.3275862068965517
14994,2/24/2016,0.07897730864041463,0.3283699059561129
42707,2/25/2016,0.22494890757010724,0.329153605015674
36101,2/26/2016,0.19015338263489456,0.3299373040752351
37583,2/27/2016,0.19795946316077787,0.33072100313479624
61595,2/28/2016,0.3244369298190169,0.33150470219435735
47933,2/29/2016,0.2524756125824326,0.3322884012539185
55160,3/1/2016,0.2905421064829446,0.3330721003134796
43535,3/2/2016,0.22931019952383963,0.3338557993730408
37848,3/3/2016,0.19935528727640478,0.3346394984326019
29100,3/4/2016,0.1532772896782757,0.335423197492163
36875,3/5/2016,0.19423024250468787,0.33620689655172414
36377,3/6/2016,0.191607146619472,0.33699059561128525
56232,3/7/2016,0.29618861007521646,0.3377742946708464
67958,3/8/2016,0.35795251037650383,0.3385579937304075
81662,3/9/2016,0.4301350525672629,0.3393416927899687
82079,3/10/2016,0.4323315003265702,0.3401253918495298
76636,3/11/2016,0.4036617997176748,0.3409090909090909
81491,3/12/2016,0.4292343509681225,0.34169278996865204
63214,3/13/2016,0.3329646250763753,0.34247648902821315
16498,3/14/2016,0.08689926890419906,0.3432601880877743
57722,3/15/2016,0.3040368286876093,0.3440438871473354
68713,3/16/2016,0.3619292922908371,0.3448275862068966
65353,3/17/2016,0.3442312959568506,0.3456112852664577
69122,3/18/2016,0.3640836019636348,0.3463949843260188
49113,3/19/2016,0.25869098034258264,0.34717868338557994
29737,3/20/2016,0.15663253481659398,0.34796238244514105
44457,3/21/2016,0.23416661399405853,0.3487460815047022
62248,3/22/2016,0.3278764511303542,0.3495297805642633
80289,3/23/2016,0.42290310347007143,0.3503134796238245
67590,3/24/2016,0.3560141583970672,0.3510971786833856
70525,3/25/2016,0.3714735688852369,0.3518808777429467
67267,3/26/2016,0.35431283315424644,0.35266457680250785
52462,3/27/2016,0.27633103680761856,0.35344827586206895
35548,3/28/2016,0.18724058740492594,0.3542319749216301
55067,3/29/2016,0.2900522512272718,0.3550156739811912
61264,3/30/2016,0.3226934664896867,0.3557993730407524
79447,3/31/2016,0.41846806986494745,0.3565830721003135
67595,4/1/2016,0.35604049470113563,0.3573667711598746
46206,4/2/2016,0.24337905315719613,0.35815047021943575
28615,4/3/2016,0.15072266818363778,0.35893416927899685
20143,4/4/2016,0.10609843457008618,0.359717868338558
43723,4/5/2016,0.23030044455681267,0.3605015673981191
48901,4/6/2016,0.2575743210500811,0.3612852664576803
54591,4/7/2016,0.28754503507995705,0.3620689655172414
53039,4/8/2016,0.27937024629711565,0.3628526645768025
21151,4/9/2016,0.11140783347028212,0.36363636363636365
49190,4/10/2016,0.2590965594252365,0.36442006269592475
59206,4/11/2016,0.31185344373512,0.3652037617554859
43504,4/12/2016,0.22914691443861535,0.365987460815047
71788,4/13/2016,0.3781261192929229,0.3667711598746082
88278,4/14/2016,0.4649832501106125,0.3675548589341693
86981,4/15/2016,0.4581516128352611,0.3683385579937304
102228,4/16/2016,0.5384615384615384,0.36912225705329155
115805,4/17/2016,0.6099751385289593,0.36990595611285265
102730,4/18/2016,0.5411057033900091,0.3706896551724138
107515,4/19/2016,0.5663095463834987,0.3714733542319749
104249,4/20/2016,0.5491066725659988,0.3722570532915361
104484,4/21/2016,0.550344478857215,0.3730407523510972
113556,4/22/2016,0.5981290689589785,0.3738244514106583
96274,4/23/2016,0.5071002675768493,0.37460815047021945
115132,4/24/2016,0.6064302720013485,0.37539184952978055
100925,4/25/2016,0.5315982976213051,0.3761755485893417
75454,4/26/2016,0.3974358974358974,0.3769592476489028
93272,4/27/2016,0.49128795061416264,0.3777429467084639
74857,4/28/2016,0.3942913427301266,0.3785266457680251
78020,4/29/2016,0.4109516886838169,0.3793103448275862
110776,4/30/2016,0.5834860838969302,0.38009404388714735
29020,5/1/2016,0.15285590881318079,0.38087774294670845
84418,5/2/2016,0.44465162336978276,0.3816614420062696
57652,5/3/2016,0.3036681204306512,0.3824451410658307
67962,5/4/2016,0.35797357941975855,0.3832288401253918
80750,5/5/2016,0.4253313107051809,0.384012539184953
42069,5/6/2016,0.22158839517097528,0.3847962382445141
78977,5/7/2016,0.4159924572825148,0.38557993730407525
84464,5/8/2016,0.44489391736721234,0.38636363636363635
103071,5/9/2016,0.5429018393274762,0.3871473354231975
89755,5/10/2016,0.47276299433242736,0.3879310344827586
106139,5/11/2016,0.5590617955038661,0.3887147335423197
115823,5/12/2016,0.6100699492236058,0.3894984326018809
68317,5/13/2016,0.35984345700861725,0.390282131661442
108807,5/14/2016,0.5731148473547816,0.39106583072100315
64857,5/15/2016,0.34161873459326214,0.39184952978056425
94791,5/16/2016,0.49928891979015233,0.3926332288401254
80744,5/17/2016,0.42529970714029874,0.3934169278996865
93320,5/18/2016,0.4915407791332196,0.3942006269592476
104291,5/19/2016,0.5493278975201736,0.3949843260188088
118192,5/20/2016,0.6225480900912289,0.3957680250783699
72663,5/21/2016,0.3827349725048986,0.39655172413793105
98270,5/22/2016,0.5176137201609675,0.39733542319749215
109072,5/23/2016,0.5745106714704086,0.3981191222570533
68156,5/24/2016,0.3589954280176137,0.3989028213166144
125803,5/25/2016,0.6626372121441966,0.3996865203761755
124751,5/26/2016,0.6570960537681984,0.4004702194357367
106768,5/27/2016,0.5623749025556749,0.4012539184952978
95897,5/28/2016,0.5051145102500896,0.40203761755485895
114069,5/29/2016,0.6008311737563997,0.40282131661442006
94241,5/30/2016,0.4963919263426248,0.4036050156739812
106059,5/31/2016,0.5586404146387712,0.4043887147335423
127143,6/1/2016,0.6696953416345364,0.4051724137931034
124918,6/2/2016,0.657975686324084,0.4059561128526646
85292,6/3/2016,0.44925520932094476,0.4067398119122257
107610,6/4/2016,0.5668099361607989,0.40752351097178685
54320,6/5/2016,0.28611760739944797,0.40830721003134796
123879,6/6/2016,0.6525030023386638,0.4090909090909091
114761,6/7/2016,0.6044761182394708,0.4098746081504702
89460,6/8/2016,0.47120915239238986,0.4106583072100313
127585,6/9/2016,0.6720234709141858,0.4114420062695925
119143,6/10/2016,0.6275572551250448,0.4122257053291536
111784,6/11/2016,0.5887954827971262,0.41300940438871475
117814,6/12/2016,0.6205570655036555,0.41379310344827586
110720,6/13/2016,0.5831911172913637,0.414576802507837
116030,6/14/2016,0.6111602722120388,0.4153605015673981
122197,6/15/2016,0.6436434696500432,0.4161442006269592
100175,6/16/2016,0.5276478520110401,0.4169278996865204
121671,6/17/2016,0.6408728904620441,0.4177115987460815
143869,6/18/2016,0.7577955460042559,0.41849529780564265
137558,6/19/2016,0.7245538630090808,0.41927899686520376
119765,6/20/2016,0.6308334913511577,0.4200626959247649
116215,6/21/2016,0.6121347154625708,0.420846394984326
119611,6/22/2016,0.63002233318585,0.4216300940438871
115262,6/23/2016,0.6071150159071277,0.4224137931034483
123440,6/24/2016,0.6501906748414554,0.4231974921630094
123815,6/25/2016,0.6521658976465878,0.42398119122257055
117472,6/26/2016,0.6187556623053747,0.42476489028213166
100253,6/27/2016,0.5280586983545077,0.42554858934169276
99918,6/28/2016,0.5262941659819228,0.4263322884012539
114793,6/29/2016,0.6046446705855087,0.427115987460815
125575,6/30/2016,0.661436276678676,0.4278996865203762
82871,7/1/16,0.4365031708910098,0.4286833855799373
111151,7/2/16,0.5854613067020626,0.42946708463949845
111116,7/3/16,0.5852769525735836,0.43025078369905956
109745,7/4/16,0.5780555379980196,0.43103448275862066
92107,7/5/16,0.4851515917662179,0.4318181818181818
109240,7/6/16,0.5753955712871078,0.43260188087774293
99975,7/7/16,0.5265943998483029,0.4333855799373041
91632,7/8/16,0.48264964287971684,0.4341692789968652
107359,7/9/16,0.5654878536965636,0.43495297805642635
123282,7/10/16,0.649358447632893,0.43573667711598746
122260,7/11/16,0.6439753070813055,0.43652037617554856
120414,7/12/16,0.6342519436192402,0.4373040752351097
121029,7/13/16,0.6374913090196574,0.43808777429467083
108541,7/14/16,0.5717137559783411,0.438871473354232
104701,7/15/16,0.5514874744537851,0.4396551724137931
103429,7/16/16,0.5447875186987758,0.44043887147335425
120635,7/17/16,0.635416008259065,0.44122257053291536
97216,7/18/16,0.5120620272633419,0.44200626959247646
116806,7/19/16,0.6152476666034595,0.4427899686520376
128799,7/20/16,0.6784179255420011,0.44357366771159873
128476,7/21/16,0.6767166002991805,0.4443573667711599
105666,7/22/16,0.5565703811389925,0.445141065830721
101810,7/23/16,0.5362598234414175,0.44592476489028215
113680,7/24/16,0.5987822092998757,0.44670846394984326
85145,7/25/16,0.4484809219813328,0.44749216300940436
108783,7/26/16,0.5729884330952532,0.4482758620689655
115744,7/27/16,0.6096538356193245,0.44905956112852663
98694,7/28/16,0.5198470387459705,0.4498432601880878
81355,7/29/16,0.42851800349746116,0.4506269592476489
72197,7/30/16,0.3802804289657207,0.45141065830721006
70377,7/31/16,0.3706940142848113,0.45219435736677116
101134,8/1/16,0.5326991551313655,0.45297805642633227
116187,8/2/16,0.6119872321597877,0.4537617554858934
118370,8/3/16,0.6234856625160652,0.45454545454545453
118563,8/4/16,0.6245022438531066,0.4553291536050157
116534,8/5/16,0.6138149716621368,0.4561128526645768
125188,8/6/16,0.6593978467437793,0.45689655172413796
116183,8/7/16,0.6119661631165328,0.45768025078369906
115847,8/8/16,0.6101963634831342,0.45846394984326017
114892,8/9/16,0.6051661294060636,0.4592476489028213
101761,8/10/16,0.5360017276615469,0.46003134796238243
93639,8/11/16,0.49322103533278555,0.4608150470219436
90685,8/12/16,0.47766154688915574,0.4615987460815047
100035,8/13/16,0.5269104354971241,0.46238244514106586
74055,8/14/16,0.3900669995575501,0.46316614420062696
107305,8/15/16,0.5652034216126246,0.46394984326018807
103010,8/16/16,0.5425805364178413,0.4647335423197492
113583,8/17/16,0.5982712850009481,0.46551724137931033
115041,8/18/16,0.6059509512673029,0.4663009404388715
110723,8/19/16,0.5832069190738048,0.4670846394984326
138864,8/20/16,0.7314329056317552,0.46786833855799376
96941,8/21/16,0.5106135305395783,0.46865203761755486
118995,8/22/16,0.6267777005246192,0.46943573667711597
127012,8/23/16,0.6690053304679434,0.4702194357366771
127066,8/24/16,0.6692897625518825,0.47100313479623823
111985,8/25/16,0.5898542022206772,0.4717868338557994
112005,8/26/16,0.5899595474369509,0.4725705329153605
120578,8/27/16,0.6351157743926849,0.47335423197492166
121056,8/28/16,0.637633525061627,0.47413793103448276
115101,8/29/16,0.6062669869161241,0.47492163009404387
121098,8/30/16,0.6378547500158018,0.475705329153605
118815,8/31/16,0.6258295935781556,0.47648902821316613
77415,9/1/16,0.4077649958915366,0.4772727272727273
126790,9/2/16,0.667835998567305,0.4780564263322884
117476,9/3/16,0.6187767313486294,0.4788401253918495
140347,9/4/16,0.7392442534184522,0.47962382445141066
118022,9/5/16,0.6216526557529023,0.48040752351097177
108743,9/6/16,0.5727777426627056,0.48119122257053293
130391,9/7/16,0.68680340475739,0.48197492163009403
130259,9/8/16,0.6861081263299833,0.4827586206896552
118213,9/9/16,0.6226587025683163,0.4835423197492163
127252,9/10/16,0.6702694730632281,0.4843260188087774
136353,9/11/16,0.7182068137285886,0.48510971786833856
127447,9/12/16,0.671296588921897,0.48589341692789967
135366,9/13/16,0.7130080273054801,0.48667711598746083
121511,9/14/16,0.6400301287318543,0.48746081504702193
140436,9/15/16,0.7397130396308703,0.4882445141065831
145454,9/16/16,0.766144154393949,0.4890282131661442
154037,9/17/16,0.8113530539578198,0.4898119122257053
131788,9/18/16,0.6941617681141099,0.49059561128526646
67180,9/19/16,0.3538545814634557,0.49137931034482757
135085,9/20/16,0.7115279270168342,0.49216300940438873
142356,9/21/16,0.7498261803931483,0.49294670846394983
146370,9/22/16,0.7709689652992857,0.493730407523511
142458,9/23/16,0.7503634409961444,0.4945141065830721
137355,9/24/16,0.7234846090639024,0.4952978056426332
143312,9/25/16,0.7548616817310326,0.49608150470219436
128011,9/26/16,0.6742673240208162,0.49686520376175547
122347,9/27/16,0.6444335587720962,0.49764890282131663
120072,9/28/16,0.6324505404209595,0.49843260188087773
104364,9/29/16,0.5497124075595727,0.4992163009404389
45194,9/30/16,0.23804858521374544,0.5
91771,10/1/2016,0.48338179213281923,0.5007836990595611
100425,10/2/2016,0.5289646672144618,0.5015673981191222
116682,10/3/2016,0.6145945262625624,0.5023510971786834
123551,10/4/2016,0.6507753407917747,0.5031347962382445
126942,10/5/2016,0.6686366222109854,0.5039184952978056
137567,10/6/2016,0.7246012683564039,0.5047021943573667
142612,10/7/2016,0.7511745991614521,0.5054858934169278
86818,10/8/2016,0.45729304932263026,0.5062695924764891
46334,10/9/2016,0.244053262541348,0.5070532915360502
107487,10/10/2016,0.5661620630807155,0.5078369905956113
113228,10/11/2016,0.5964014074120895,0.5086206896551724
119851,10/12/2016,0.6312864757811347,0.5094043887147336
117523,10/13/2016,0.6190242926068728,0.5101880877742947
123000,10/14/2016,0.6478730800834334,0.5109717868338558
138233,10/15/2016,0.7281092640583191,0.5117554858934169
126550,10/16/2016,0.6665718559720203,0.512539184952978
132131,10/17/2016,0.6959684385732043,0.5133228840125392
143635,10/18/2016,0.7565630069738534,0.5141065830721003
145347,10/19/2016,0.7655805574868845,0.5148902821316614
131686,10/20/2016,0.6936245075111139,0.5156739811912225
80787,10/21/2016,0.4255261993552873,0.5164576802507836
55557,10/22/2016,0.2926332090259781,0.5172413793103449
99878,10/23/2016,0.5260834755493753,0.518025078369906
106893,10/24/2016,0.5630333101573858,0.5188087774294671
96848,10/25/2016,0.5101236752839053,0.5195924764890282
103870,10/26/2016,0.5471103807176116,0.5203761755485894
39660,10/27/2016,0.20889956387080463,0.5211598746081505
89857,10/28/2016,0.4733002549354234,0.5219435736677116
103274,10/29/2016,0.5439710932726545,0.5227272727272727
107572,10/30/2016,0.5666097802498788,0.5235109717868338
107875,10/31/2016,0.5682057602764259,0.524294670846395
110056,11/1/2016,0.579693656111076,0.5250783699059561
133258,11/2/2016,0.701904641510229,0.5258620689655172
124673,11/3/2016,0.6566852074247308,0.5266457680250783
126507,11/4/2016,0.6663453637570318,0.5274294670846394
128639,11/5/2016,0.6775751638118113,0.5282131661442007
104186,11/6/2016,0.5487748351347366,0.5289968652037618
106484,11/7/2016,0.5608790004845879,0.5297805642633229
123718,11/8/2016,0.6516549733476603,0.530564263322884
75883,11/9/2016,0.39969555232496895,0.5313479623824452
111472,11/10/2016,0.587152097423256,0.5321316614420063
105021,11/11/2016,0.5531729979141647,0.5329153605015674
86968,11/12/2016,0.45808313844468324,0.5336990595611285
95679,11/13/2016,0.5039662473927059,0.5344827586206896
113590,11/14/2016,0.5983081558266439,0.5352664576802508
48797,11/15/2016,0.2570265259254577,0.5360501567398119
107831,11/16/2016,0.5679740008006237,0.536833855799373
109418,11/17/2016,0.576333143711944,0.5376175548589341
109802,11/18/2016,0.5783557718643997,0.5384012539184952
98021,11/19/2016,0.5163021722183596,0.5391849529780565
45772,11/20/2016,0.24109306196405622,0.5399686520376176
69754,11/21/2016,0.3674125107978847,0.5407523510971787
72592,11/22/2016,0.38236099698712683,0.5415360501567398
73005,11/23/2016,0.38453637570317933,0.542319749216301
42343,11/24/2016,0.22303162463392537,0.5431034482758621
62444,11/25/2016,0.3289088342498367,0.5438871473354232
65654,11/26/2016,0.3458167414617702,0.5446708463949843
74381,11/27/2016,0.39178412658281186,0.5454545454545454
83300,11/28/2016,0.4387628257800813,0.5462382445141066
30989,11/29/2016,0.16322714535532942,0.5470219435736677
52424,11/30/2016,0.27613088089669846,0.5478056426332288
90239,12/1/2016,0.4753123485662516,0.54858934169279
89092,12/2/2016,0.46927080041295327,0.549373040752351
70853,12/3/2016,0.37320123043212605,0.5501567398119123
71729,12/4/2016,0.3778153509049154,0.5509404388714734
80214,12/5/2016,0.4225080589090449,0.5517241379310345
67187,12/6/2016,0.35389145228915153,0.5525078369905956
76605,12/7/2016,0.40349851463245057,0.5532915360501567
72219,12/8/2016,0.3803963087036218,0.5540752351097179
63950,12/9/2016,0.3368413290352485,0.554858934169279
52716,12/10/2016,0.2776689210542949,0.5556426332288401
41740,12/11/2016,0.21985546636327244,0.5564263322884012
58701,12/12/2016,0.30919347702420835,0.5572100313479624
68858,12/13/2016,0.3626930451088216,0.5579937304075235
71798,12/14/2016,0.3781787919010598,0.5587774294670846
45840,12/15/2016,0.2414512356993869,0.5595611285266457
48288,12/16/16,0.2543454901712913,0.5603448275862069
22363,12/17/16,0.11779175357647009,0.5611285266457681
38459,12/18/16,0.2025735836335672,0.5619122257053292
50405,12/19/16,0.26549628131386555,0.5626959247648903
50408,12/20/16,0.2655120830963066,0.5634796238244514
55746,12/21/16,0.29362872131976486,0.5642633228840125
56441,12/22/16,0.29728946758527697,0.5650470219435737
53318,12/23/16,0.28083981206413416,0.5658307210031348
28033,12/24/16,0.14765712239007225,0.5666144200626959
38209,12/25/16,0.2012567684301456,0.567398119122257
32446,12/26/16,0.17090154436087057,0.5681818181818182
61379,12/27/16,0.32329920148326063,0.5689655172413793
52937,12/28/16,0.27883298569411963,0.5697492163009404
29631,12/29/16,0.1560742051703432,0.5705329153605015
45743,12/30/16,0.2409403114004593,0.5713166144200627
46810,12/31/16,0.24656047868866274,0.5721003134796239
50761,1/1/17,0.26737142616353793,0.572884012539185
21545,1/2/17,0.11348313423087458,0.5736677115987461
25879,1/3/17,0.13631144259739164,0.5744514106583072
69966,1/4/17,0.3685291700903862,0.5752351097178683
52446,1/5/17,0.2762467606345996,0.5760188087774295
48964,1/6/17,0.25790615848134335,0.5768025078369906
23556,1/7/17,0.12407559572719803,0.5775862068965517
22756,1/8/17,0.11986178707624887,0.5783699059561128
35209,1/9/17,0.18545498598908625,0.579153605015674
46216,1/10/17,0.243431725765333,0.5799373040752351
63099,1/11/17,0.33235889008280134,0.5807210031347962
84763,1/12/17,0.4464688283505046,0.5815047021943573
75847,1/13/17,0.3995059309356762,0.5822884012539185
43090,1/14/17,0.22696626846174917,0.5830721003134797
50738,1/15/17,0.26725027916482313,0.5838557993730408
51664,1/16/17,0.2721277626782968,0.5846394984326019
40697,1/17/17,0.21436171333459747,0.585423197492163
57978,1/18/17,0.305385247455913,0.5862068965517241
72077,1/19/17,0.3796483576680783,0.5869905956112853
56479,1/20/17,0.29748962349619706,0.5877742946708464
64662,1/21/17,0.34059161873459326,0.5885579937304075
49368,1/22/17,0.2600341318500727,0.5893416927899686
37687,1/23/17,0.19850725828540125,0.5901253918495298
35619,1/24/17,0.18761456292269768,0.5909090909090909
71418,1/25/17,0.37617723279185894,0.591692789968652
63750,1/26/17,0.3357878768725112,0.5924764890282131
70189,1/27/17,0.3697037692518383,0.5932601880877743
53955,1/28/17,0.2841950572024524,0.5940438871473355
62854,1/29/17,0.33106841118344815,0.5948275862068966
59975,1/30/17,0.31590396730084486,0.5956112852664577
48684,1/31/17,0.25643132545351116,0.5963949843260188
77639,2/1/17,0.40894486231380234,0.5971786833855799
70727,2/2/17,0.3725375555696016,0.5979623824451411
64701,2/3/17,0.34079704190632704,0.5987460815047022
45120,2/4/17,0.23765880791353264,0.5995297805642633
50532,2/5/17,0.2661652234372037,0.6003134796238244
72513,2/6/17,0.3819448833828456,0.6010971786833855
57760,2/7/17,0.3042369845985294,0.6018808777429467
90430,2/8/17,0.4763183953816657,0.6026645768025078
0,2/9/17,0.0,0.603448275862069
8344,2/10/17,0.04395002422939974,0.60423197492163
26272,2/11/17,0.1383814760971704,0.6050156739811913
26468,2/12/17,0.13941385921665297,0.6057993730407524
58710,2/13/17,0.3092408823715315,0.6065830721003135
78530,2/14/17,0.41363799169879695,0.6073667711598746
72383,2/15/17,0.38126013947706633,0.6081504702194357
63551,2/16/17,0.3347396919705876,0.6089341692789969
67530,2/17/17,0.355698122748246,0.609717868338558
99126,2/18/17,0.5221224954174831,0.6105015673981191
125166,2/19/17,0.6592819670058783,0.6112852664576802
91412,2/20/17,0.4814908455007058,0.6120689655172413
84767,2/21/17,0.4464898973937593,0.6128526645768025
90651,2/22/17,0.4774824600214904,0.6136363636363636
98554,2/23/17,0.5191096222320545,0.6144200626959248
117155,2/24/17,0.6170859406274362,0.6152037617554859
104309,2/25/17,0.54942270821482,0.6159874608150471
75196,2/26/17,0.39607694414596634,0.6167711598746082
80194,2/27/17,0.4224027136927712,0.6175548589341693
92642,2/28/17,0.48796957630154014,0.6183385579937304
85944,3/1/17,0.4526894633714683,0.6191222570532915
73839,3/2/17,0.3889292712217938,0.6199059561128527
68702,3/3/17,0.3618713524218865,0.6206896551724138
43108,3/4/17,0.2270610791563955,0.6214733542319749
50924,3/5/17,0.2682299896761688,0.622257053291536
72776,3/6/17,0.38333017297684513,0.6230407523510971
63654,3/7/17,0.3352822198343973,0.6238244514106583
101573,3/8/17,0.5350114826285738,0.6246081504702194
99450,3/9/17,0.5238290879211175,0.6253918495297806
41971,3/10/17,0.221072203611234,0.6261755485893417
48379,3/11/17,0.25482481090533676,0.6269592476489029
38114,3/12/17,0.20075637865284537,0.627742946708464
58768,3/13/17,0.3095463834987253,0.6285266457680251
0,3/14/17,0.0,0.6293103448275862
0,3/15/17,0.0,0.6300940438871473
0,3/16/17,0.0,0.6308777429467085
25393,3/17/17,0.13375155384194004,0.6316614420062696
17446,3/18/17,0.09189263215557382,0.6324451410658307
33344,3/19/17,0.175631544571561,0.6332288401253918
60363,3/20/17,0.3179476644965552,0.6340125391849529
78104,3/21/17,0.4113941385921665,0.6347962382445141
55713,3/22/17,0.2934549017129132,0.6355799373040752
74345,3/23/17,0.3915945051935192,0.6363636363636364
82681,3/24/17,0.4355023913364094,0.6371473354231975
86293,3/25/17,0.4545277373954449,0.6379310344827587
55139,3/26/17,0.2904314940058572,0.6387147335423198
59614,3/27/17,0.3140024861471041,0.6394984326018809
46003,3/28/17,0.24230979921201778,0.640282131661442
91525,3/29/17,0.48208604597265237,0.6410658307210031
91041,3/30/17,0.4795366917388281,0.6418495297805643
23462,3/31/17,0.1235804732107115,0.6426332288401254
67299,4/1/17,0.3544813855002844,0.6434169278996865
130087,4/2/17,0.6852021574700293,0.6442006269592476
104217,4/3/17,0.5489381202199608,0.6449843260188087
63091,4/4/17,0.33231675199629185,0.64576802507837
108281,4/5/17,0.5703442681667825,0.646551724137931
44411,4/6/17,0.23392431999662897,0.6473354231974922
81358,4/7/17,0.42853380527990226,0.6481191222570533
108886,4/8/17,0.5735309609590629,0.6489028213166145
137240,4/9/17,0.7228788740703285,0.6496865203761756
124356,4/10/17,0.6550154857467922,0.6504702194357367
150222,4/11/17,0.791258453953606,0.6512539184952978
113959,4/12/17,0.6002517750668942,0.6520376175548589
131228,4/13/17,0.6912121020584455,0.6528213166144201
149382,4/14/17,0.7868339548701093,0.6536050156739812
134526,4/15/17,0.7085835282219834,0.6543887147335423
157912,4/16/17,0.8317636896108548,0.6551724137931034
127619,4/17/17,0.6722025577818511,0.6559561128526645
126129,4/18/17,0.6643543391694583,0.6567398119122257
97587,4/19/17,0.5140161810252196,0.6575235109717869
108427,4/20/17,0.5711132882455807,0.658307210031348
92348,4/21/17,0.48642100162231633,0.6590909090909091
101444,4/22/17,0.5343320059836083,0.6598746081504702
142563,4/23/17,0.7509165033815814,0.6606583072100314
103241,4/24/17,0.5437972736658029,0.6614420062695925
47829,4/25/17,0.25192781745780923,0.6622257053291536
81859,4/26/17,0.43117270294755916,0.6630094043887147
122394,4/27/17,0.6446811200303394,0.6637931034482759
163665,4/28/17,0.8620662410719929,0.664576802507837
180290,4/29/17,0.9496344520995301,0.6653605015673981
125305,4/30/17,0.6600141162589807,0.6661442006269592
136675,5/1/17,0.7199028717105956,0.6669278996865203
142585,5/2/17,0.7510323831194825,0.6677115987460815
141936,5/3/17,0.7476139308514,0.6684952978056427
144583,5/4/17,0.761556370225228,0.6692789968652038
58278,5/5/17,0.30696542570001895,0.6700626959247649
127879,5/6/17,0.6735720455934096,0.670846394984326
90625,5/7/17,0.4773455112403346,0.6716300940438872
114260,5/8/17,0.6018372205718139,0.6724137931034483
118257,5/9/17,0.6228904620441186,0.6731974921630094
136080,5/10/17,0.7167688515264522,0.6739811912225705
135699,5/11/17,0.7147620251564376,0.6747648902821317
132477,5/12/17,0.6977909108147399,0.6755485893416928
28193,5/13/17,0.1484998841202621,0.6763322884012539
114819,5/14/17,0.6047816193666645,0.677115987460815
129870,5/15/17,0.6840591618734593,0.6778996865203761
157411,5/16/17,0.8291247919431979,0.6786833855799373
153500,5/17/17,0.8085245349008702,0.6794670846394985
149837,5/18/17,0.7892305585403366,0.6802507836990596
145832,5/19/17,0.7681351789815225,0.6810344827586207
135405,5/20/17,0.7132134504772139,0.6818181818181818
160019,5/21/17,0.8428618081452921,0.682601880877743
61049,5/22/17,0.32156100541474414,0.6833855799373041
139680,5/23/17,0.7357309904557234,0.6841692789968652
135482,5/24/17,0.7136190295598677,0.6849529780564263
50743,5/25/17,0.26727661546889153,0.6857366771159875
133402,5/26/17,0.7026631270673999,0.6865203761755486
145924,5/27/17,0.7686197669763816,0.6873040752351097
151063,5/28/17,0.7956882202979163,0.6880877742946708
75825,5/29/17,0.3993900511977751,0.6888714733542319
114629,5/30/17,0.6037808398120641,0.6896551724137931
142097,5/31/17,0.7484619598424036,0.6904388714733543
163063,6/1/17,0.8588953500621537,0.6912225705329154
157299,6/2/17,0.828534858732065,0.6920062695924765
155712,6/3/17,0.8201757158207446,0.6927899686520376
100571,6/4/17,0.52973368729326,0.6935736677115988
123795,6/5/17,0.6520605524303141,0.6943573667711599
86679,6/6/17,0.4565609000695278,0.695141065830721
149853,6/7/17,0.7893148347133556,0.6959247648902821
132716,6/8/17,0.699049786149211,0.6967084639498433
156787,6/9/17,0.8258380211954575,0.6974921630094044
150903,6/10/17,0.7948454585677265,0.6982758620689655
140711,6/11/17,0.7411615363546341,0.6990595611285266
133564,6/12/17,0.703516423319217,0.6998432601880877
129444,6/13/17,0.6818153087668289,0.700626959247649
137988,6/14/17,0.7268187851589659,0.70141065830721
144513,6/15/17,0.76118766196827,0.7021943573667712
128201,6/16/17,0.6752681035754167,0.7029780564263323
83755,6/17/17,0.44115942945030867,0.7037617554858934
138414,6/18/17,0.7290626382655964,0.7045454545454546
88057,6/19/17,0.46381918547078776,0.7053291536050157
146794,6/20/17,0.7732022838842888,0.7061128526645768
154525,6/21/17,0.8139234772348988,0.7068965517241379
158453,6/22/17,0.8346132777110591,0.707680250783699
129797,6/23/17,0.6836746518340602,0.7084639498432602
141282,6/24/17,0.7441691422792491,0.7092476489028213
158625,6/25/17,0.8355192465710132,0.7100313479623824
145321,6/26/17,0.7654436087057287,0.7108150470219435
151112,6/27/17,0.7959463160777869,0.7115987460815048
159263,6/28/17,0.8388797589701452,0.7123824451410659
146419,6/29/17,0.7712270610791564,0.713166144200627
132583,6/30/17,0.6983492404609907,0.7139498432601881
107126,7/1/17,0.5642605819269747,0.7147335423197492
128397,7/2/17,0.6763004866948992,0.7155172413793104
130240,7/3/17,0.6860080483745233,0.7163009404388715
146441,7/4/17,0.7713429408170575,0.7170846394984326
149487,7/5/17,0.7873870172555464,0.7178683385579937
140767,7/6/17,0.7414565029602006,0.7186520376175548
103656,7/7/17,0.5459831869034827,0.719435736677116
146438,7/8/17,0.7713271390346165,0.7202194357366771
159914,7/9/17,0.842308745759855,0.7210031347962382
141463,7/10/17,0.7451225164865264,0.7217868338557993
141463,7/11/17,0.7451225164865264,0.7225705329153606
132874,7/12/17,0.6998820133577734,0.7233542319749217
126527,7/13/17,0.6664507089733055,0.7241379310344828
70477,7/14/17,0.37122074036617997,0.7249216300940439
148067,7/15/17,0.7799075069001117,0.725705329153605
153666,7/16/17,0.8093989001959421,0.7264890282131662
141323,7/17/17,0.7443850999726103,0.7272727272727273
144623,7/18/17,0.7617670606577756,0.7280564263322884
143277,7/19/17,0.7546773276025536,0.7288401253918495
131871,7/20/17,0.6945989507616459,0.7296238244514106
136330,7/21/17,0.7180856667298738,0.7304075235109718
124272,7/22/17,0.6545730358384426,0.7311912225705329
117035,7/23/17,0.6164538693297937,0.731974921630094
104460,7/24/17,0.5502180645976866,0.7327586206896551
148542,7/25/17,0.7824094557866127,0.7335423197492164
168603,7/26/17,0.8880759749699766,0.7343260188087775
144443,7/27/17,0.7608189537113119,0.7351097178683386
151514,7/28/17,0.7980637549248889,0.7358934169278997
132509,7/29/17,0.6979594631607778,0.7366771159874608
165423,7/30/17,0.8713260855824537,0.737460815047022
153123,7/31/17,0.8065387775741104,0.7382445141065831
147654,8/1/17,0.7777321281840591,0.7390282131661442
122622,8/2/17,0.64588205549586,0.7398119122257053
146858,8/3/17,0.7735393885763647,0.7405956112852664
128749,8/4/17,0.6781545625013168,0.7413793103448276
169511,8/5/17,0.8928586477888039,0.7421630094043887
161492,8/6/17,0.8506204833238523,0.7429467084639498
55927,8/7/17,0.2945820955270421,0.7437304075235109
145901,8/8/17,0.7684986199776668,0.7445141065830722
170524,8/9/17,0.8981943829930683,0.7452978056426333
151415,8/10/17,0.7975422961043339,0.7460815047021944
147098,8/11/17,0.7748035311716495,0.7468652037617555
173581,8/12/17,0.9142963993005078,0.7476489028213166
162040,8/13/17,0.8535069422497524,0.7484326018808778
139535,8/14/17,0.7349672376377389,0.7492163009404389
105695,8/15/17,0.5567231317025894,0.75
159032,8/16/17,0.8376630217221835,0.7507836990595611
156810,8/17/17,0.8259591681941723,0.7515673981191222
90704,8/18/17,0.4777616248446158,0.7523510971786834
186037,8/19/17,0.9799053999957862,0.7531347962382445
147379,8/20/17,0.7762836314602954,0.7539184952978056
138059,8/21/17,0.7271927606767377,0.7547021943573667
133409,8/22/17,0.7026999978930957,0.7554858934169278
141360,8/23/17,0.7445799886227167,0.7562695924764891
151449,8/24/17,0.7977213829719992,0.7570532915360502
156344,8/25/17,0.8235046246549944,0.7578369905956113
132832,8/26/17,0.6996607884035986,0.7586206896551724
145524,8/27/17,0.766512862650907,0.7594043887147336
133126,8/28/17,0.7012093630828224,0.7601880877742947
67448,8/29/17,0.3552662073615237,0.7609717868338558
147325,8/30/17,0.7759991993763563,0.7617554858934169
144852,8/31/17,0.7629732633841098,0.762539184952978
129382,9/1/17,0.6814887385963804,0.7633228840125392
107949,9/2/17,0.5685955375766386,0.7641065830721003
83988,9/3/17,0.4423867012198976,0.7648902821316614
164623,9/4/17,0.8671122769315045,0.7656739811912225
140362,9/5/17,0.7393232623306576,0.7664576802507836
86395,9/6/17,0.4550649979984409,0.7672413793103449
148669,9/7/17,0.7830783979099509,0.768025078369906
154397,9/8/17,0.8132492678507469,0.7688087774294671
150847,9/9/17,0.79455049196216,0.7695924764890282
154588,9/10/17,0.814255314666161,0.7703761755485894
166177,9/11/17,0.8752976002359732,0.7711598746081505
161263,9/12/17,0.8494142805975181,0.7719435736677116
146802,9/13/17,0.7732444219707983,0.7727272727272727
150535,9/14/17,0.7929071065882898,0.7735109717868338
160138,9/15/17,0.8434886121821208,0.774294670846395
156839,9/16/17,0.8261119187577692,0.7750783699059561
156834,9/17/17,0.8260855824537008,0.7758620689655172
138078,9/18/17,0.7272928386321977,0.7766457680250783
115451,9/19/17,0.6081105282009144,0.7774294670846394
150377,9/20/17,0.7920748793797273,0.7782131661442007
152463,9/21/17,0.8030623854370773,0.7789968652037618
163114,9/22/17,0.8591639803636517,0.7797805642633229
165582,9/23/17,0.8721635800518298,0.780564263322884
148926,9/24/17,0.7844320839390684,0.7813479623824452
156367,9/25/17,0.8236257716537092,0.7821316614420063
156779,9/26/17,0.825795883108948,0.7829153605015674
147977,9/27/17,0.7794334534268799,0.7836990595611285
148394,9/28/17,0.7816299011861871,0.7844827586206896
141709,9/29/17,0.7464182626466932,0.7852664576802508
113613,9/30/17,0.5984293028253587,0.7860501567398119
139011,10/1/17,0.7322071929713672,0.786833855799373
141748,10/2/17,0.746623685818427,0.7876175548589341
135800,10/3/17,0.71529401849862,0.7884012539184952
150324,10/4/17,0.791795714556602,0.7891849529780565
150437,10/5/17,0.7923909150285485,0.7899686520376176
148395,10/6/17,0.7816351684470009,0.7907523510971787
153928,10/7/17,0.810778922529128,0.7915360501567398
100790,10/8/17,0.5308872174114574,0.792319749216301
78912,10/9/17,0.41565008532962516,0.7931034482758621
155978,10/10/17,0.8215768071971852,0.7938871473354232
126748,10/11/17,0.6676147736131303,0.7946708463949843
123433,10/12/17,0.6501538040157596,0.7954545454545454
136608,10/13/17,0.7195499652360786,0.7962382445141066
142476,10/14/17,0.7504582516907907,0.7970219435736677
137364,10/15/17,0.7235320144112256,0.7978056426332288
125800,10/16/17,0.6626214103617555,0.79858934169279
122345,10/17/17,0.6444230242504688,0.799373040752351
147842,10/18/17,0.7787223732170322,0.8001567398119123
143664,10/19/17,0.7567157575374502,0.8009404388714734
157255,10/20/17,0.8283030992562628,0.8017241379310345
169402,10/21/17,0.8922845163601121,0.8025078369905956
153444,10/22/17,0.8082295682953037,0.8032915360501567
143899,10/23/17,0.7579535638286665,0.8040752351097179
95599,10/24/17,0.503544866527611,0.804858934169279
142007,10/25/17,0.7479879063691718,0.8056426332288401
123419,10/26/17,0.650080062364368,0.8064263322884012
139481,10/27/17,0.7346828055537998,0.8072100313479624
143571,10/28/17,0.7562259022817773,0.8079937304075235
20810,10/29/17,0.10961169753281504,0.8087774294670846
95502,10/30/17,0.5030339422286834,0.8095611285266457
115329,10/31/17,0.6074679223816446,0.8103448275862069
111304,11/1/17,0.5862671976065567,0.8111285266457681
144455,11/2/17,0.7608821608410762,0.8119122257053292
147055,11/3/17,0.774577038956661,0.8126959247648903
120119,11/4/17,0.6326981016792027,0.8134796238244514
76281,11/5/17,0.40179192212881615,0.8142633228840125
116318,11/6/17,0.6126772433263805,0.8150470219435737
69588,11/7/17,0.3665381455028127,0.8158307210031348
107852,11/8/17,0.5680846132777111,0.8166144200626959
113119,11/9/17,0.5958272759833976,0.817398119122257
74794,11/10/17,0.39395950529886437,0.8181818181818182
55350,11/11/17,0.291542886037545,0.8189655172413793
73187,11/12/17,0.38549501717127027,0.8197492163009404
72112,11/13/17,0.3798327117965573,0.8205329153605015
95328,11/14/17,0.5021174388471019,0.8213166144200627
104590,11/15/17,0.5509028085034658,0.8221003134796239
93532,11/16/17,0.4926574384257211,0.822884012539185
93476,11/17/17,0.49236247182015463,0.8236677115987461
58136,11/18/17,0.30621747466447546,0.8244514106583072
66078,11/19/17,0.3480500600467733,0.8252351097178683
85295,11/20/17,0.4492710111033858,0.8260188087774295
95288,11/21/17,0.5019067484145545,0.8268025078369906
69530,11/22/17,0.3662326443756189,0.8275862068965517
32527,11/23/17,0.17132819248677916,0.8283699059561128
64012,11/24/17,0.33716789920569706,0.829153605015674
73542,11/25/17,0.3873648947601289,0.8299373040752351
60652,11/26/17,0.3194699028717106,0.8307210031347962
99410,11/27/17,0.5236183974885701,0.8315047021943573
97329,11/28/17,0.5126572277352885,0.8322884012539185
107040,11/29/17,0.5638075974969977,0.8330721003134797
97110,11/30/17,0.5115036976170912,0.8338557993730408
99868,12/1/17,0.5260308029412384,0.8346394984326019
83660,12/2/17,0.44065903967300846,0.835423197492163
77915,12/3/17,0.4103986262983798,0.8362068965517241
92142,12/4/17,0.4853359458946969,0.8369905956112853
85008,12/5/17,0.4477593072498578,0.8377742946708464
87328,12/6/17,0.45997935233761034,0.8385579937304075
94653,12/7/17,0.4985620377978636,0.8393416927899686
81217,12/8/17,0.42779112150517246,0.8401253918495298
20955,12/9/17,0.11037545035079957,0.8409090909090909
43621,12/10/17,0.22976318395381665,0.841692789968652
81071,12/11/17,0.4270221014263742,0.8424764890282131
88499,12/12/17,0.4661473147504372,0.8432601880877743
60051,12/13/17,0.31630427912268505,0.8440438871473355
49648,12/14/17,0.26150896487790487,0.8448275862068966
41598,12/15/17,0.21910751532772896,0.8456112852664577
38766,12/16/17,0.20419063270336893,0.8463949843260188
49790,12/17/17,0.26225691591344835,0.8471786833855799
79914,12/18/17,0.420927880664939,0.8479623824451411
97301,12/19/17,0.5125097444325053,0.8487460815047022
78833,12/20/17,0.41523397172534393,0.8495297805642633
70297,12/21/17,0.3702726334197164,0.8503134796238244
62387,12/22/17,0.3286086003834566,0.8510971786833855
24205,12/23/17,0.12749404799528052,0.8518808777429467
37985,12/24/17,0.2000769020078798,0.8526645768025078
26767,12/25/17,0.1409887701999452,0.853448275862069
32919,12/26/17,0.17339295872574426,0.85423197492163
31793,12/27/17,0.1674620230495333,0.8550156739811913
34438,12/28/17,0.18139392790173398,0.8557993730407524
29284,12/29/17,0.15424646566799402,0.8565830721003135
13910,12/30/17,0.07326759791837853,0.8573667711598746
18326,12/31/17,0.09652782167161789,0.8581504702194357
11483,1/1/2018,0.06048395592356151,0.8589341692789969
39352,1/2/2018,0.2072772475401892,0.859717868338558
42853,1/3/2018,0.22571792764890547,0.8605015673981191
5328,1/4/2018,0.028063965615321408,0.8612852664576802
14303,1/5/2018,0.0753376314181573,0.8620689655172413
9479,1/6/2018,0.049928365252933864,0.8628526645768025
9387,1/7/2018,0.04944377725807471,0.8636363636363636
31294,1/8/2018,0.1648336599035038,0.8644200626959248
50981,1/9/2018,0.2685302235425489,0.8652037617554859
50218,1/10/2018,0.26451130354170616,0.8659874608150471
66584,1/11/2018,0.3507152940184986,0.8667711598746082
46403,1/12/2018,0.24441670353749237,0.8675548589341693
30418,1/13/2018,0.16021953943071446,0.8683385579937304
32949,1/14/2018,0.17355097655015486,0.8691222570532915
41770,1/15/2018,0.22001348418768304,0.8699059561128527
60053,1/16/2018,0.3163148136443124,0.8706896551724138
36319,1/17/2018,0.19130164549227818,0.8714733542319749
52573,1/18/2018,0.27691570275793775,0.872257053291536
50322,1/19/2018,0.26505909866632954,0.8730407523510971
59336,1/20/2018,0.31253818764089925,0.8738244514106583
61571,1/21/2018,0.3243105155594884,0.8746081504702194
68638,1/22/2018,0.3615342477298106,0.8753918495297806
63693,1/23/2018,0.3354876430061311,0.8761755485893417
69596,1/24/2018,0.3665802835893222,0.8769592476489029
51927,1/25/2018,0.27351305227229633,0.877742946708464
61857,1/26/2018,0.32581695215220274,0.8785266457680251
70146,1/27/2018,0.36947727703684974,0.8793103448275862
38221,1/28/2018,0.20131997555990983,0.8800940438871473
68868,1/29/2018,0.36274571771695846,0.8808777429467085
59260,1/30/2018,0.31213787581905905,0.8816614420062696
54440,1/31/2018,0.28674967869709034,0.8824451410658307
66984,2/1/2018,0.3528221983439732,0.8832288401253918
50427,2/2/2018,0.26561216105176666,0.8840125391849529
40020,2/3/2018,0.21079577776373176,0.8847962382445141
35121,2/4/2018,0.18499146703748182,0.8855799373040752
56061,2/5/2018,0.2952879084760761,0.8863636363636364
68060,2/6/2018,0.3584897709794998,0.8871473354231975
31573,2/7/2018,0.1663032256705223,0.8879310344827587
60985,2/8/2018,0.3212239007226682,0.8887147335423198
57070,2/9/2018,0.30060257463708573,0.8894984326018809
37641,2/10/2018,0.1982649642879717,0.890282131661442
21167,2/11/2018,0.1114921096433011,0.8910658307210031
68283,2/12/2018,0.3596643701409519,0.8918495297805643
69420,2/13/2018,0.3656532456861134,0.8926332288401254
80081,2/14/2018,0.42180751322082466,0.8934169278996865
88474,2/15/2018,0.46601563323009504,0.8942006269592476
57219,2/16/2018,0.301387396498325,0.8949843260188087
38834,2/17/2018,0.20454880643869963,0.89576802507837
50512,2/18/2018,0.26605987822092997,0.896551724137931
62150,2/19/2018,0.3273602595706129,0.8973354231974922
98129,2/20/2018,0.5168710363862377,0.8981191222570533
118306,2/21/2018,0.6231485578239893,0.8989028213166145
54857,2/22/2018,0.2889461264563976,0.8996865203761756
49639,2/23/2018,0.2614615595305817,0.9004702194357367
61251,2/24/2018,0.3226249920991088,0.9012539184952978
34052,2/25/2018,0.17936076522765101,0.9020376175548589
84614,2/26/2018,0.4456840064892653,0.9028213166144201
107682,2/27/2018,0.5671891789393844,0.9036050156739812
100855,2/28/2018,0.5312295893643469,0.9043887147335423
91489,3/1/2018,0.4818964245833597,0.9051724137931034
23277,3/2/2018,0.12260602996017951,0.9059561128526645
61107,3/3/2018,0.32186650654193794,0.9067398119122257
60490,3/4/2018,0.3186166066198934,0.9075235109717869
75190,3/5/2018,0.3960453405810842,0.908307210031348
80995,3/6/2018,0.42662178960453406,0.9090909090909091
22312,3/7/2018,0.11752312327497208,0.9098746081504702
53403,3/8/2018,0.28128752923329753,0.9106583072100314
70068,3/9/2018,0.3690664306933822,0.9114420062695925
59343,3/10/2018,0.31257505846659506,0.9122257053291536
67622,3/11/2018,0.35618271074310515,0.9130094043887147
76569,3/12/2018,0.40330889324315783,0.9137931034482759
46021,3/13/2018,0.24240460990666413,0.914576802507837
62352,3/14/2018,0.32842424625497757,0.9153605015673981
72192,3/15/2018,0.3802540926616522,0.9161442006269592
62381,3/16/2018,0.3285769968185745,0.9169278996865203
62524,3/17/2018,0.32933021511493166,0.9177115987460815
55182,3/18/2018,0.2906579862208457,0.9184952978056427
83086,3/19/2018,0.4376356319659524,0.9192789968652038
69573,3/20/2018,0.3664591365906074,0.9200626959247649
11799,3/21/2018,0.06214841034068643,0.920846394984326
61715,3/22/2018,0.3250690011166593,0.9216300940438872
77668,3/23/2018,0.40909761287739926,0.9224137931034483
79562,3/24/2018,0.41907380485852136,0.9231974921630094
62656,3/25/2018,0.33002549354233823,0.9239811912225705
88831,3/26/2018,0.4678960453405811,0.9247648902821317
88986,3/27/2018,0.46871247076670247,0.9255485893416928
80607,3/28/2018,0.4245780924088237,0.9263322884012539
84590,3/29/2018,0.44555759222973684,0.927115987460815
78825,3/30/2018,0.41519183363883444,0.9278996865203761
109399,3/31/2018,0.576233065756484,0.9286833855799373
94040,4/1/18,0.4953332069190738,0.9294670846394985
50418,4/2/18,0.26556475570444343,0.9302507836990596
59477,4/3/18,0.313280871415629,0.9310344827586207
80049,4/4/18,0.4216389608747867,0.9318181818181818
87382,4/5/18,0.4602637844215494,0.932601880877743
83643,4/6/18,0.4405694962391758,0.9333855799373041
79955,4/7/18,0.42114383835830016,0.9341692789968652
67056,4/8/18,0.35320144112255863,0.9349529780564263
87612,4/9/18,0.4614752544086973,0.9357366771159875
89629,4/10/18,0.47209931946990286,0.9365203761755486
104081,4/11/18,0.5482217727492995,0.9373040752351097
114400,4/12/18,0.6025746370857299,0.9380877742946708
150894,4/13/18,0.7947980532204033,0.9388714733542319
185232,4/14/18,0.9756652550407686,0.9396551724137931
58497,4/15/18,0.3081189558182163,0.9404388714733543
65284,4/16/18,0.3438678549607062,0.9412225705329154
104884,4/17/18,0.5524513831826897,0.9420062695924765
112664,4/18/18,0.5934306723131703,0.9427899686520376
79890,4/19/18,0.42080146640541055,0.9435736677115988
101982,4/20/18,0.5371657923013716,0.9443573667711599
179681,4/21/18,0.9464266902639951,0.945141065830721
149532,4/22/18,0.7876240439921623,0.9459247648902821
131224,4/23/18,0.6911910330151908,0.9467084639498433
126491,4/24/18,0.6662610875840128,0.9474921630094044
63086,4/25/18,0.3322904156922234,0.9482758620689655
150788,4/26/18,0.7942397235741525,0.9490595611285266
85566,4/27/18,0.4506984387838948,0.9498432601880877
158334,4/28/18,0.8339864736742304,0.950626959247649
130649,4/29/18,0.6881623580473211,0.95141065830721
91215,4/30/18,0.48045319512040957,0.9521943573667712
173896,5/1/18,0.915955586456819,0.9529780564263323
189852,5/2/18,1.0,0.9537617554858934
165326,5/3/18,0.8708151612835261,0.9545454545454546
177291,5/4/18,0.9338379369192845,0.9553291536050157
167568,5/5/18,0.8826243600278111,0.9561128526645768
120205,5/6/18,0.6331510861091798,0.9568965517241379
156297,5/7/18,0.8232570633967512,0.957680250783699
174749,5/8/18,0.9204485599308936,0.9584639498432602
183295,5/9/18,0.9654625708446579,0.9592476489028213
153260,5/10/18,0.8072603923055854,0.9600313479623824
184114,5/11/18,0.9697764574510671,0.9608150470219435
91563,5/12/18,0.48228620188357246,0.9615987460815048
67247,5/13/18,0.35420748793797274,0.9623824451410659
147144,5/14/18,0.775045825169079,0.963166144200627
118790,5/15/18,0.6256979120578134,0.9639498432601881
75694,5/16/18,0.3987000400311822,0.9647335423197492
107763,5/17/18,0.567615827065293,0.9655172413793104
146437,5/18/18,0.7713218717738027,0.9663009404388715
45461,5/19/18,0.23945494385099972,0.9670846394984326
158983,5/20/18,0.837404925942313,0.9678683385579937
172936,5/21/18,0.91089901607568,0.9686520376175548
109420,5/22/18,0.5763436782335715,0.969435736677116
170812,5/23/18,0.89971135410741,0.9702194357366771
177631,5/24/18,0.9356288055959379,0.9710031347962382
174715,5/25/18,0.9202694730632281,0.9717868338557993
155957,5/26/18,0.8214661947200977,0.9725705329153606
78075,5/27/18,0.41124138802856963,0.9733542319749217
140226,5/28/18,0.7386069148599962,0.9741379310344828
170334,5/29/18,0.8971936034384679,0.9749216300940439
159297,5/30/18,0.8390588458378105,0.975705329153605
123710,5/31/18,0.6516128352611508,0.9764890282131662
147780,6/1/18,0.7783958030465836,0.9772727272727273
158528,6/2/18,0.8350083222720857,0.9780564263322884
134416,6/3/18,0.7080041295324779,0.9788401253918495
130774,6/4/18,0.6888207656490318,0.9796238244514106
155007,6/5/18,0.8164622969470956,0.9804075235109718
154726,6/6/18,0.8149821966584497,0.9811912225705329
160532,6/7/18,0.8455639129427133,0.981974921630094
163188,6/8/18,0.8595537576638644,0.9827586206896551
171623,6/9/18,0.9039831026273097,0.9835423197492164
106867,6/10/18,0.5628963613762299,0.9843260188087775
154381,6/11/18,0.8131649916777279,0.9851097178683386
166828,6/12/18,0.8787265870256832,0.9858934169278997
144934,6/13/18,0.763405178770832,0.9866771159874608
173109,6/14/18,0.9118102521964477,0.987460815047022
160081,6/15/18,0.8431883783157407,0.9882445141065831
165240,6/16/18,0.8703621768535491,0.9890282131661442
146611,6/17/18,0.7722383751553842,0.9898119122257053
136481,6/18/18,0.7188810231127405,0.9905956112852664
153883,6/19/18,0.810541895792512,0.9913793103448276
165836,6/20/18,0.8735014642985062,0.9921630094043887
158375,6/21/18,0.8342024313675916,0.9929467084639498
156062,6/22/18,0.8220192571055348,0.9937304075235109
118620,6/23/18,0.6248024777194867,0.9945141065830722
152057,6/24/18,0.8009238775467206,0.9952978056426333
163026,6/25/18,0.8587004614120473,0.9960815047021944
171973,6/26/18,0.9058266439121,0.9968652037617555
140557,6/27/18,0.7403503781893265,0.9976489028213166
104860,6/28/18,0.5523249689231612,0.9984326018808778
151785,6/29/18,0.7994911826053979,0.9992163009404389
134347,6/30/18,0.7076406885363336,1.0
